AttendeeID,FirstName,LastName,Phone,Company,JobTitle
A2623,Robert,Perez,044-161-2554,"Roman, Roberts and Thomas",Corporate investment banker
A1768,Michael,Goodman,603.610.3354x44425,Hill-Rodriguez,Nature conservation officer
A7087,Darrell,Cole,357.544.5739x289,Christian Ltd,"Scientist, marine"
A2694,Cody,Dillon,188-737-0348,Montgomery-Davis,"Radiographer, diagnostic"
A8978,Emily,Camacho,031-109-8287x349,Warner and Sons,"Psychologist, educational"
A2753,John,Brennan,001-381-638-1431,Johnson-Meza,Investment analyst
A1628,Nicholas,Osborne,641066337,"Campbell, Chavez and Ingram",Horticultural consultant
A3880,Brian,Wagner,001-352-528-3865x93444,"Allen, Taylor and Martin",Trading standards officer
A5754,Christopher,Walker,052-588-5879x0064,"Mora, Palmer and Lutz",Television camera operator
A9623,Shannon,Schmidt,081.654.5518x0729,Avila LLC,Office manager
A6087,Joel,May,-4361,Taylor PLC,TEFL teacher
A1293,Stephen,Payne,5657591518,"Griffin, Bray and Wilson",Veterinary surgeon
A6545,Carmen,Foster,(803)068-4457x763,Carey PLC,Fine artist
A3897,Julie,Ramirez,1241962174,"Smith, Norris and Cooper","Engineer, electronics"
A3351,Amanda,Taylor,6768878205,"Cordova, Boyd and Ryan",Government social research officer
A9056,Ashley,Wells,+1-278-917-6602x9284,"Gomez, Sellers and Hernandez",Agricultural engineer
A4809,David,Tyler,701.117.3971x39660,Marshall-Gomez,Museum/gallery curator
A8821,Emily,Calhoun,001-860-798-3919x940,Miles-Thomas,"Scientist, biomedical"
A5427,Maria,Foley,001-429-881-1330x2135,Scott-Cochran,Physiotherapist
A6051,Erika,Levy,624.371.2911,"Travis, Willis and Montoya",Trade mark attorney
A5210,Andrea,Barnett,086.285.5922x09797,Garcia-Martin,Dance movement psychotherapist
A9036,Kristen,Martinez,001-078-852-1158x97633,Diaz-Brown,Civil Service fast streamer
A5436,Katherine,Long,(072)976-5484x65965,"Carter, Murillo and Watkins",Community education officer
A9337,Andrew,Lewis,(974)684-0173,Webster-Mercer,"Embryologist, clinical"
A1676,Nicholas,Reilly,001-866-204-6209x37093,Parker and Sons,"Engineer, land"
A9118,Eric,Herman,(462)860-7084,Berry-Jackson,Clinical embryologist
A8853,Mason,Rivera,311.161.7581x47648,Jackson Group,Customer service manager
A1616,Greg,Yang,001-434-685-4769,Thompson-Joyce,"Editor, magazine features"
A9072,Jason,Miller,+1-970-313-4195x458,"Randall, Adams and Taylor",Barrister's clerk
A8213,Zachary,Moyer,(672)277-3394,Wilson LLC,IT trainer
A5545,Juan,Smith,073.659.8783,Warner-Bell,Contracting civil engineer
A1108,Kerri,Solis,(035)559-9997,Hall-Kim,Consulting civil engineer
A7433,Robert,Sanford,001-837-711-8738x2290,Hogan-Koch,Transport planner
A5769,Timothy,Tran,227.829.2797x6574,Wright-Palmer,"Engineer, materials"
A7147,Alexandra,Doyle,(064)951-8957x492,Wagner-Hoffman,"Therapist, horticultural"
A8208,Barbara,Hernandez,179-823-6741x0027,"Odom, Mcgee and Anderson","Production assistant, radio"
A2637,Jason,Sanchez,001-510-040-6263x1210,Torres-Maxwell,Product designer
A8188,Scott,Gonzalez,+1-295-326-9921x16649,Terrell Group,Dispensing optician
A1426,Beth,Cook,682.671.5026,Bailey-Richardson,"Horticulturist, commercial"
A2763,Jennifer,Ray,001-660-018-6360,"Phillips, Collier and Washington",Retail banker
A4057,Nicole,Clark,322-313-4486x8689,"Lopez, Smith and Evans",Barrister's clerk
A2142,Cory,Smith,-10136,"Hood, Wright and Blake",Energy engineer
A6085,Jerry,Meadows,132.039.7424x5021,Lewis Group,Chartered public finance accountant
A5494,Daniel,Chapman,(234)969-7704x0848,Diaz-Morales,Financial controller
A2443,Dana,Powers,(761)477-3144x8469,Walker Ltd,"Lecturer, higher education"
A6184,Tina,Miller,(691)406-1063x69734,"Rivas, Ponce and Santana","Designer, multimedia"
A2663,Adrian,Simmons,+1-853-680-7339x77308,Klein Ltd,Graphic designer
A2522,Michael,Wallace,001-771-056-3047x5322,Burke-Bell,Recycling officer
A7679,Ernest,Alexander,124-699-6654x48258,Allen PLC,Medical sales representative
A9315,Michael,Anthony,748-409-2711,"Haney, Moore and Hall",Financial controller
A8944,Julie,Villanueva,-6016,Palmer-Benton,Politician's assistant
A8085,Jessica,Goodwin,815.096.8789x493,Doyle Ltd,"Psychologist, sport and exercise"
A6285,Brandon,Coffey,+1-973-282-5094x44657,"Miller, Perez and Marquez",Farm manager
A7670,Nicholas,Johnson,(801)031-3292,"Lane, Perry and Reyes",English as a second language teacher
A5108,Sherry,Cooper,920.548.9536,Webster-Harris,Purchasing manager
A4438,George,Dorsey,(363)313-0268x6276,"Stewart, Anderson and Hill","Surveyor, commercial/residential"
A5160,Joseph,Chavez,058.213.3209x3259,Quinn-Ramirez,Clinical embryologist
A5531,Meagan,Kim,(744)795-7377x35224,Diaz-Brooks,Recruitment consultant
A4476,Brittany,Horton,(398)765-2409,Rios Ltd,"Accountant, chartered management"
A9644,Dennis,Taylor,020.655.1235,Thomas LLC,"Psychologist, educational"
A5972,Marcus,Phelps,(112)859-8981x0765,Johnson LLC,Ecologist
A6615,Christian,Flowers,9698168454,Davis-Moreno,Press photographer
A9604,Ariana,Russell,001-631-174-5167x9951,Tucker LLC,Maintenance engineer
A7927,Katherine,Bell,(479)369-2186x71150,"Waller, Reeves and Davis",Clinical molecular geneticist
A6035,John,Mcdonald,119.254.2554,"Burns, Hale and Smith",Paediatric nurse
A4154,Timothy,Schwartz,001-026-039-8957x73490,"Brandt, Diaz and Cisneros","Administrator, Civil Service"
A6462,Tiffany,Ortiz,(813)243-4363x947,Sutton-Owens,Information officer
A5743,William,Leach,(343)277-9500,Buchanan Inc,"Engineer, control and instrumentation"
A5536,Christopher,Murray,496-919-6275,Smith-Carroll,Legal secretary
A2772,Sharon,Alvarez,(629)105-4411x478,"Wade, Christian and Sutton",Higher education careers adviser
A3141,Erik,Jefferson,+1-079-048-5922x692,Guzman LLC,Product manager
A2397,Kayla,Stephens,-10250,"Sullivan, Myers and Delgado",Archivist
A9550,Theresa,Parker,544.656.6919,Morse-White,"Runner, broadcasting/film/video"
A9608,Tony,Brown,(896)178-5374x81169,Collins Inc,Arts development officer
A9047,Shannon,Jackson,001-758-638-8897,"White, Small and Thompson",Glass blower/designer
A2199,Kurt,Smith,(852)913-2429x2777,Becker Group,Radio producer
A1234,Adrian,Fisher,(836)270-3859x40871,"Anderson, Hartman and Peters",Agricultural engineer
A6332,Tina,Rivera,718-619-8594,Reeves-Gates,"Designer, blown glass/stained glass"
A1233,Zachary,Shaw,+1-164-803-5972x7495,"George, Stone and Paul","Optician, dispensing"
A2330,Patricia,Powell,203-180-5983x30799,Torres PLC,"Engineer, electrical"
A1876,Joseph,Allen,001-668-972-0737x069,Morgan LLC,"Geologist, engineering"
A3370,Jeremy,Smith,(533)564-7523,Henry Inc,Sub
A4279,Kayla,Hall,7900191595,"Burgess, Bean and Atkins",Chief Executive Officer
A9328,Erica,Johnson,001-798-618-8252x5197,"Warner, Martinez and Bryant",Further education lecturer
A8437,Kim,Martinez,194-255-7004x15259,Walters-Grant,Customer service manager
A4807,Robert,Jones,(245)551-1114x599,Roberts and Sons,Copy
A6783,Kelsey,Macdonald,001-364-405-2934x719,Lin-Chung,Charity officer
A6907,Rebekah,Ayala,214789576,Riley-Tucker,Interior and spatial designer
A1386,Brianna,Robbins,1324243046,"Brown, Gomez and May",Quarry manager
A4628,John,Rice,633.646.9133,Johnson Ltd,Advertising copywriter
A7582,Logan,Church,(650)360-5865,"Ashley, Peterson and Harris","Production assistant, television"
A9429,Ashley,Miller,846-504-8984x740,Carrillo and Sons,Theatre stage manager
A1469,Jonathan,Morrow,-2855,Jones-Gray,Tree surgeon
A1038,Aaron,Cabrera,596.551.1547,"Tran, Montgomery and Fox",Actuary
A2564,William,Robinson,9362675809,"West, Fitzgerald and Hammond",Theatre manager
A3529,Melvin,Richard,1154431674,Vega Inc,Sports administrator
A9050,Sarah,Thomas,521.802.7525,"Oneill, Wolfe and Carter",Biomedical scientist
A9329,Victoria,Kelly,750-931-9225x50802,"Robles, Pineda and Williams",Furniture conservator/restorer
A3686,Erik,York,001-391-713-2260,Delgado Group,Landscape architect
A5884,Margaret,Boyd,664-403-6891,Soto-Miles,"Scientist, research (physical sciences)"
A2519,Julie,Carlson,453.465.0796,Riley-Andersen,Quarry manager
A8654,Kevin,Strickland,610.907.8304,Taylor-Stephens,Cartographer
A1490,Sharon,Khan,(880)439-9709x388,Jones PLC,Radio broadcast assistant
A5720,Margaret,Lewis,202-552-5780x0401,Scott and Sons,"Designer, multimedia"
A6050,Regina,Castro,(023)810-2911,"Ramirez, Carr and Johnston",Advertising account planner
A5584,Timothy,Hoover,+1-097-442-1775x126,"Mckenzie, Byrd and Ramirez",Youth worker
A2730,Christina,Kelly,(846)714-4441,Gentry-Johnson,"Engineer, petroleum"
A3562,Michael,Patel,641-946-4864,"Chan, Garza and Richard",Sales promotion account executive
A3409,Sharon,Kidd,236-381-9811x5174,"Wilson, Wiggins and Herrera",Translator
A9514,Edwin,Patton,001-194-074-2767x145,Pruitt Inc,Training and development officer
A7905,Donna,Parks,(073)967-8142x4630,Boyd-Higgins,"Engineer, control and instrumentation"
A1438,Douglas,Hughes,(226)199-5967,Lee Inc,Transport planner
A7100,Tyrone,Bowers,001-841-291-8785,Bryant LLC,Clinical research associate
A6667,Stephen,Patrick,+1-456-826-9412x2184,Parker Group,Chiropodist
A1159,Patrick,Johnson,438-714-5296x909,"Hayes, Obrien and Franco",Youth worker
A7173,Nancy,Buck,114.482.8817x93671,"Mitchell, Brown and Kelley",Minerals surveyor
A1095,Angela,Boone,001-479-156-0190x00839,"Smith, Jenkins and Morales",Set designer
A9303,Lisa,Williamson,+1-235-092-7065x611,"Colon, Davis and Stone","Engineer, maintenance"
A4910,Joseph,Dalton,+1-892-015-6766x6905,Gomez Group,Financial controller
A1810,Melissa,Hawkins,198-141-3773x7420,"Jordan, Pena and Gomez",Agricultural engineer
A4173,Randall,Bell,-8791,"Gray, Jones and Cohen",Broadcast engineer
A5020,Thomas,Lee,001-560-570-1038x4018,Taylor-Hardin,Biomedical scientist
A7062,Susan,Bennett,(966)517-2684,"Guzman, Warren and Johnson",Immunologist
A2589,Jennifer,Gonzalez,552-491-5162x3914,"Henderson, Lopez and Williamson",Haematologist
A9801,Joshua,Smith,001-275-685-6986,Brandt-Wang,Freight forwarder
A8655,Todd,Petersen,747-302-8015x526,Sharp-Smith,"Radiographer, diagnostic"
A6931,Shirley,Banks,163-428-1266,Robinson and Sons,Ecologist
A6460,Katie,Herman,917.096.6508,Leblanc Inc,Cartographer
A2768,Robin,Duffy,(915)064-7753x8449,"Miller, Osborne and Tucker",Ceramics designer
A2451,Danielle,Jackson,259.603.5316,Evans PLC,"Presenter, broadcasting"
A1228,Lauren,Burnett,715-291-4313,Martin-Jones,Clinical psychologist
A5977,Dennis,Sanchez,001-223-583-4174x867,"Simmons, Simmons and Perez",Regulatory affairs officer
A7790,Ashley,Hernandez,002-583-7746x7317,"Sharp, Anderson and Fox",Heritage manager
A8830,Natasha,Lynch,159-162-2372x52444,"Ferguson, Dorsey and Haynes",Occupational psychologist
A4078,Sharon,Erickson,(355)031-4876x29415,Russell-Barnes,"Administrator, charities/voluntary organisations"
A5399,Bianca,Kane,940.213.6898x295,"May, Ford and Johns",Corporate treasurer
A3159,Mark,Nash,(178)665-6451,Sellers-Lewis,Fast food restaurant manager
A8666,David,Melton,385-680-4193x248,Watkins Inc,"Engineer, materials"
A9300,Michael,Roach,189-349-6140x354,Brown Group,Chief Operating Officer
A3392,Renee,Gonzalez,(712)497-8381x640,Baker LLC,Race relations officer
A2134,Theresa,Bryant,(684)354-2013x412,Martin-Williams,"Engineer, civil (contracting)"
A7230,Susan,Garcia,001-283-326-0824x671,Glenn-Burnett,"Loss adjuster, chartered"
A5880,Tracey,Santos,771.896.9668x35693,Smith-Pierce,"Surveyor, mining"
A7857,Shannon,Kane,001-240-889-4345,Blevins and Sons,"Engineer, electrical"
A7904,Sherry,Torres,592-801-9772x0016,Jones Inc,"Therapist, occupational"
A9473,Connie,Brooks,(617)445-8928x70423,"Rodriguez, Butler and Mckee",Catering manager
A7865,David,Tran,(163)035-3430,Luna Group,English as a second language teacher
A4833,Charles,Chambers,646.186.1459x9628,Allen Inc,Television floor manager
A3676,Melissa,Cox,2417305451,Hawkins Ltd,Warden/ranger
A6745,Lindsay,Roberts,477.162.2468x8884,"Shepard, Mullen and Nelson",Chief Strategy Officer
A3875,Thomas,Castro,(566)098-6091x1412,"Hines, Griffith and Cruz",Occupational psychologist
A3529,Kristy,Cruz,114-729-3676x09632,Cummings Ltd,"Surveyor, minerals"
A3234,Sherri,Green,403.064.1735,Nolan and Sons,Arts administrator
A6685,David,Walters,001-689-261-1295,Miller LLC,Health promotion specialist
A1240,Charles,Carter,(564)609-8494,Lewis PLC,"Production assistant, radio"
A3713,Malik,Norton,833.538.2222,Brown-Reid,Airline pilot
A2724,Matthew,Lawrence,-3158,Holland PLC,Meteorologist
A5133,Nicole,Brown,240-740-3223x4182,Collins Group,Lobbyist
A9842,Edwin,Guerrero,001-007-780-5255x66987,Hoffman Group,Operations geologist
A2553,John,Morgan,+1-296-440-2311x9326,"Diaz, Reynolds and Walker","Development worker, international aid"
A3212,Katherine,Hill,+1-994-476-7868x653,Mayo Group,Toxicologist
A7122,Mary,Morris,942-107-7245x220,"Green, Gonzalez and Chase",Social worker
A9349,Bryan,Vasquez,884.547.0005x4083,"Burns, Torres and Hill",Hydrogeologist
A7048,Walter,Jennings,(407)346-5130x4949,Shah PLC,Surgeon
A5249,Ronald,Collins,853.296.1941x092,Martin LLC,Chartered legal executive (England and Wales)
A4164,Kerry,Valencia,181.356.3802x2451,"Burns, Brooks and Cordova",Product manager
A3725,Danielle,Oconnor,-2238,Moon-Thompson,Artist
A8038,Jeffrey,Watson,(493)592-0938x564,Preston LLC,Engineering geologist
A6594,Patrick,Levine,+1-426-671-1262x6875,Bender-Gonzalez,Field seismologist
A4353,Anthony,Morris,093.499.8825x291,Mcdonald-Bruce,"Engineer, manufacturing"
A4197,Lori,Howe,-1704,Hernandez Inc,Broadcast journalist
A3121,Erika,Phillips,-4831,Williams Inc,Accounting technician
A8058,Justin,Mueller,001-532-282-2483,"Rosales, Rojas and Brewer","Engineer, biomedical"
A9674,Matthew,Sampson,039.512.8190x935,"Ortega, Smith and Lewis","Scientist, forensic"
A7367,Leslie,Jones,001-040-775-3647,Mcintosh PLC,"Embryologist, clinical"
A3203,Kimberly,Patterson,001-810-584-8099x767,Russell-Sharp,Learning disability nurse
A1094,Tammy,Carlson,001-690-570-9760x116,Ray LLC,Public relations officer
A9357,Denise,Schneider,656-179-1400x5261,Crawford Inc,"Surveyor, building control"
A2518,Crystal,Walker,(999)063-8243x850,White Inc,Barista
A6401,Robert,Hill,898.183.7949x65497,Ferguson-Smith,Insurance account manager
A6314,Daniel,Gregory,(113)704-7664x110,Morales Inc,"Teacher, secondary school"
A6832,Amy,Baker,+1-964-860-7377x2184,Russell Ltd,"Civil engineer, contracting"
A1215,Amy,Lyons,817.369.0992,Castillo Ltd,Chief Technology Officer
A2825,Angela,Foster,747-154-6163x099,"Ward, Freeman and Terrell","Engineer, water"
A5549,Jacqueline,Rivera,001-945-715-8331x26783,"Schwartz, Guzman and Black","Investment banker, operational"
A2454,Alexander,Ellis,697-309-4888x50785,"Donaldson, Gould and Davis",Restaurant manager
A1701,Sheri,Brown,957.388.7086x702,White-Silva,Clinical molecular geneticist
A4915,Michael,Johnson,(537)925-0593x11003,Brooks-Adams,Tax inspector
A3905,Felicia,Tucker,-9348,Tucker-Harris,Bookseller
A6207,Brittany,Foster,+1-209-969-3279x5942,"Johnson, Martin and Davies","Designer, industrial/product"
A3424,Jennifer,Romero,800-111-5838,Dalton Group,"Administrator, Civil Service"
A8333,David,Evans,045.352.0939x528,"Smith, Duke and Lopez","Programmer, applications"
A7779,Kimberly,Fox,698.134.4661,"Rojas, Price and Robinson","Surveyor, land/geomatics"
A4059,Brianna,Bass,625-943-2374,Summers-Gregory,Advertising account executive
A5098,Donald,Malone,656-875-6826x6552,Anderson Group,Corporate investment banker
A4497,Kelly,Torres,427.063.4474x560,"Wright, Neal and Evans",Mudlogger
A8645,Sheila,Allen,905-686-4014x6480,Silva-Willis,"Radiographer, diagnostic"
A6856,Cindy,Maddox,+1-793-180-7305x14836,Chen-Wells,"Psychologist, prison and probation services"
A2184,Thomas,Nicholson,450.067.8489,Hancock Inc,"Development worker, international aid"
A2468,David,Thompson,(891)747-2339x513,Green Inc,"Secretary, company"
A6962,Autumn,Brewer,453.480.8384x980,Mueller Group,Sales promotion account executive
A8364,Rita,Richardson,433.706.1256x150,"Riley, Torres and Davies",Textile designer
A4951,Kara,Robinson,167.141.6656x639,Guzman-Stuart,Herbalist
A3489,Rebecca,Armstrong,742.514.1448,Young-Shannon,"Conservation officer, nature"
A1351,Jessica,Smith,138-898-8795,Pierce-Kelley,"Scientist, audiological"
A5703,Sabrina,Garcia,(700)125-7259,"Green, Johnson and Bailey",Magazine journalist
A6243,Andrea,Waller,546.082.3643,"Jenkins, Weaver and Bates",Forest/woodland manager
A1277,Larry,Johnson,473-373-9946,"Bowman, Gonzalez and Hayes","Editor, film/video"
A9805,Monica,Murphy,001-192-393-7319x06428,Green PLC,Ophthalmologist
A7922,Dawn,Ferrell,377.457.4402x71906,Weaver-Brown,"Horticulturist, commercial"
A6326,Morgan,Orozco,(881)186-5313x507,Petersen-Butler,Secretary/administrator
A6655,Denise,Mueller,680.514.2903,Alvarado-Ramsey,Research scientist (physical sciences)
A1052,Melissa,Greene,001-867-415-6865x867,Bailey-Oneal,Futures trader
A2650,Christina,Stewart,(753)616-6501x5171,Clarke and Sons,Television floor manager
A6493,Amber,Noble,+1-331-866-9498x16811,Todd-Castillo,Chartered certified accountant
A9487,Amanda,Joyce,001-044-160-9645,Marsh Group,Local government officer
A6995,Tanya,Steele,730.643.0564x59812,"Williams, Martin and Lin",Commercial/residential surveyor
A3167,Jeffrey,Dennis,609-110-4798x315,Kelly LLC,Insurance claims handler
A8315,Erin,Fowler,(204)240-3239x5636,Harris Inc,Learning mentor
A7411,Justin,Mccann,(437)616-2731x1101,"Miller, Morales and Prince",Photographer
A2194,Jeffrey,Lambert,356-767-4640,"Johnson, Fowler and Lopez",Higher education lecturer
A8932,Kyle,Meadows,001-726-880-2620x05190,Richardson-Copeland,"Administrator, charities/voluntary organisations"
A4179,Joseph,Jenkins,-7543,Watson-Carpenter,Politician's assistant
A3151,Eduardo,Burgess,+1-068-825-2735x43468,Tyler PLC,"Pharmacist, hospital"
A5362,Jennifer,Ferguson,547-697-5209,Martin PLC,"Investment banker, operational"
A6000,Dylan,Smith,+1-931-259-9089x958,Jordan Group,Curator
A1038,Joshua,Arias,(944)460-8833x913,Myers-Cuevas,Higher education lecturer
A7028,Linda,Jenkins,+1-859-883-0704x6164,Williams-Mosley,Control and instrumentation engineer
A2768,Daniel,Johnson,(371)767-5998,Green-Parker,Occupational psychologist
A3959,Kenneth,Hernandez,184-697-2031x74525,"Johnson, Phillips and Rodriguez","Production designer, theatre/television/film"
A9646,Susan,Parks,001-536-695-1864,Johnson-Green,"Administrator, arts"
A8850,Tiffany,Dyer,(397)578-1297x3702,Nguyen-Walker,Location manager
A2258,David,Peterson,+1-035-897-0233x5758,"Erickson, Gomez and Morrow","Solicitor, Scotland"
A1056,Eric,Peterson,552.906.5402,Long PLC,Housing manager/officer
A7847,Angela,Johnson,001-114-895-9277x856,Powell Group,Operational researcher
A6366,Grant,Schneider,(772)598-8325x409,Watson-Ware,Higher education careers adviser
A5194,Kenneth,Ray,(930)156-0927,"Sullivan, Skinner and Smith","Engineer, manufacturing"
A2689,Richard,Baker,9419021306,"Pruitt, Powell and Davidson",Data scientist
A7826,Robert,White,001-116-674-6723,Dominguez and Sons,Health and safety inspector
A5802,Tammy,Webster,+1-928-841-7397x6840,Gardner and Sons,"Engineer, biomedical"
A1455,Megan,Smith,001-366-234-4250x852,Yates-Marshall,"Merchandiser, retail"
A1166,Emma,Landry,4723690195,Marshall-Moore,"Psychotherapist, dance movement"
A6345,Lee,Shaw,001-844-375-9039x638,Evans Group,"Administrator, charities/voluntary organisations"
A7389,Brianna,Freeman,175-565-9448x2461,Johnson PLC,Equities trader
A9318,Deanna,Prince,955.956.4705,Richards-Harrison,"Engineer, materials"
A6098,Steven,Hansen,403-870-8900,"Jones, Mayer and Chavez",Information officer
A7286,Ashley,Kane,+1-149-305-6316x5527,Gray-Johnson,Commercial art gallery manager
A9921,Erin,Avila,086-637-3867,Johnson PLC,Lexicographer
A9484,Luke,Calhoun,+1-414-474-1340x4376,"Evans, Harrison and Hernandez","Accountant, chartered management"
A2035,Larry,Phillips,(661)088-0458x8931,Manning-Hodges,Holiday representative
A3839,Kelly,Tapia,+1-782-081-5519x9156,Fuller-Wells,"Engineer, materials"
A9489,Scott,Davis,001-017-303-3194,Crawford LLC,"Accountant, chartered management"
A8568,David,Cooper,626.689.1869,"Elliott, Morris and Bond",Private music teacher
A5776,Sheila,Anderson,+1-659-569-8573x020,Oliver-Collins,"Administrator, charities/voluntary organisations"
A9078,Wesley,Erickson,001-410-405-3885x41040,Mendoza-Brooks,"Sales professional, IT"
A7070,Tammy,Guzman,732-161-8918,Kirby-Goodman,Charity officer
A8819,Cody,Bush,(583)203-2569x294,Frye-Savage,Contractor
A4385,Jennifer,Kelley,+1-929-210-8990x8091,Joseph-Harris,Senior tax professional/tax inspector
A4489,Christina,Schultz,+1-277-744-6121x94290,Garcia-Grant,Production engineer
A6047,Amanda,Guzman,-7377,Hall and Sons,Fast food restaurant manager
A2776,Dean,Ashley,(472)496-8820x36397,Pittman-Allen,"Development worker, international aid"
A7285,Rebecca,Rios,305.845.3194,Ewing Ltd,Multimedia programmer
A1504,Wanda,Ramos,753.662.8531x7106,Gonzales PLC,"Lecturer, higher education"
A3917,Gina,Mccoy,935-658-3951,Gregory-Durham,"Engineer, manufacturing"
A6860,Sharon,Hartman,001-202-310-9027,Reyes-Gutierrez,Publishing copy
A3527,Michael,Harris,(234)811-2300x584,Hall PLC,Patent attorney
A1702,Shawn,Stephens,(170)838-2538x3570,Johnson-Warren,Public relations officer
